col1,col2,col3,col4,col5,col6,col7,col8
207.0269994099935,5.214285714285714,43.44075025505374,80.0,100.0,80.0,90.0,26.66666666666667
206.82066599527997,5.186428615025112,41.06369203344354,100.0,20.0,90.0,93.33333333333331,30.0
206.696999613444,5.302142551967076,37.2181264406171,20.0,40.0,100.0,96.66666666666669,33.33333333333334
206.41699981689453,5.100714547293527,32.903551884899336,40.0,60.0,100.0,100.0,36.66666666666667
206.05599975585935,5.184999738420759,28.938157639585,60.0,80.0,90.0,100.0,40.0
205.7143330891927,4.840000697544643,25.60565686202346,80.0,100.0,100.0,90.0,43.333333333333336
205.5423334757487,4.676428658621652,22.794836949098595,100.0,40.0,60.0,93.33333333333331,46.66666666666666
205.27933349609376,4.357142857142857,20.64453313468808,100.0,20.0,10.0,96.66666666666669,50.0
205.0963338216146,4.469999040876116,18.71168102762445,60.0,40.0,20.0,100.0,53.333333333333336
204.9850006103516,4.5678558349609375,18.14002379159043,20.0,60.0,30.0,100.0,56.66666666666666
205.203000386556,5.047142028808594,18.606826599817943,20.0,80.0,40.0,3.3333333333333286,60.0
205.36600036621093,5.0149993896484375,20.295014108679734,40.0,100.0,50.0,6.666666666666671,63.333333333333336
205.4673334757487,5.229285103934152,21.55363156406127,60.0,100.0,60.0,10.0,66.66666666666667
205.95966695149735,5.277143205915179,23.64651875665964,80.0,100.0,70.0,13.333333333333329,70.0
206.43233388264971,5.218570164271763,25.761698943744022,100.0,60.0,80.0,16.666666666666657,73.33333333333333
206.87200063069665,5.382856096540179,27.087114302796326,60.0,80.0,90.0,20.0,76.66666666666667
207.05500081380208,5.611428397042411,27.39000850256725,80.0,20.0,100.0,23.33333333333333,80.0
207.3973342895508,5.827141898018973,27.78487510614882,100.0,40.0,100.0,26.66666666666667,83.33333333333334
208.0056676228841,6.3285707746233255,30.38088950358836,20.0,60.0,30.0,3.3333333333333286,86.66666666666667
208.6516677856445,6.442141941615513,32.53083191578298,20.0,80.0,40.0,3.3333333333333286,90.0
209.35700124104815,6.445714678083148,34.449496259169265,20.0,100.0,50.0,3.3333333333333286,93.33333333333331
210.39633433024088,6.394999912806919,35.85873903967315,20.0,100.0,60.0,3.3333333333333286,96.66666666666669
211.2676676432292,6.079285757882254,36.842235936250695,40.0,100.0,70.0,6.666666666666671,100.0
212.2683344523112,5.935713631766183,37.30324570749668,60.0,100.0,80.0,10.0,100.0
213.14633433024088,5.509998866489956,35.642206087678275,80.0,100.0,90.0,13.333333333333329,96.66666666666669
213.82666778564453,5.267857142857143,35.062814068566446,100.0,20.0,100.0,16.666666666666657,100.0
214.47000122070312,5.194285801478794,35.10025871701437,60.0,20.0,100.0,20.0,66.66666666666667
214.39166768391928,5.792142595563616,33.81077098344145,80.0,20.0,10.0,23.33333333333333,70.0
214.36600087483723,6.002857753208706,31.717906749565632,100.0,40.0,20.0,26.66666666666667,73.33333333333333
214.40800069173176,5.869286673409598,30.20441342555697,100.0,60.0,30.0,30.0,76.66666666666667
214.4596674601237,5.502143859863281,29.83828807798526,100.0,80.0,40.0,33.33333333333334,80.0
214.5106674194336,5.257144383021763,29.86301961866115,60.0,100.0,50.0,36.66666666666667,83.33333333333334
214.60633392333983,4.9200014386858255,29.426795604444003,20.0,40.0,60.0,40.0,86.66666666666667
214.75800018310548,4.874287196568081,27.88349548256412,20.0,60.0,70.0,43.333333333333336,90.0
214.8913335164388,4.753571646554129,26.614135535762863,40.0,80.0,80.0,46.66666666666666,93.33333333333331
215.0320002237956,4.5750002179827005,25.813237214987225,60.0,100.0,90.0,50.0,96.66666666666669
215.28233337402344,4.781429835728237,24.0188115292687,20.0,40.0,100.0,53.333333333333336,100.0
215.7593332926432,4.660001482282366,22.05515449285402,20.0,60.0,70.0,56.66666666666666,36.66666666666667
216.10366617838545,4.715715680803571,21.54706468537325,40.0,80.0,80.0,60.0,40.0
216.3423329671224,4.567143031529018,20.68163807027957,20.0,100.0,90.0,63.333333333333336,43.333333333333336
216.3846664428711,4.657857622419085,19.120392507344047,20.0,100.0,100.0,66.66666666666667,46.66666666666666
216.6769999186198,3.894287109375,21.534748798753476,20.0,80.0,70.0,70.0,50.0
216.9796666463216,3.697144644601004,24.013916034141086,40.0,100.0,80.0,73.33333333333333,53.333333333333336
217.1259999593099,3.621429443359375,26.774581695456227,60.0,100.0,90.0,76.66666666666667,56.66666666666666
217.3329996744792,3.6085717337472096,30.56059466551853,80.0,100.0,100.0,80.0,60.0
217.71399943033853,3.7950003487723216,35.48157912050918,20.0,60.0,100.0,3.3333333333333286,63.333333333333336
218.21099955240885,3.512143816266741,38.76609360861677,20.0,80.0,90.0,3.3333333333333286,66.66666666666667
218.55699920654297,3.392858232770647,41.91277001202826,40.0,100.0,100.0,6.666666666666671,70.0
218.65733235677084,3.455000741141183,43.419290362851214,60.0,100.0,100.0,10.0,73.33333333333333
218.89366556803387,3.629286629813058,44.06268496042718,20.0,40.0,100.0,3.3333333333333286,76.66666666666667
219.0403325398763,3.4885711669921875,45.84014246652384,20.0,60.0,80.0,3.3333333333333286,80.0
219.16866607666012,3.531428745814732,48.34551577381866,20.0,80.0,90.0,3.3333333333333286,83.33333333333334
219.3679992675781,3.4864283970424106,51.63767392959466,20.0,100.0,100.0,3.3333333333333286,86.66666666666667
219.5893325805664,3.4700001307896207,54.62874665950325,40.0,100.0,100.0,6.666666666666671,90.0
219.88099924723304,3.587856837681361,58.892694606372565,20.0,100.0,70.0,3.3333333333333286,93.33333333333331
220.3423324584961,3.6778564453125,59.2202668160424,20.0,60.0,80.0,3.3333333333333286,96.66666666666669
220.7723322550456,3.768571036202567,59.104218309950646,40.0,80.0,90.0,6.666666666666671,100.0
221.62933247884115,3.979286193847656,58.60210463116846,60.0,100.0,100.0,10.0,90.0
222.43033243815103,3.932858058384487,57.38205924666675,80.0,20.0,100.0,13.333333333333329,93.33333333333331
223.13233286539716,3.900000435965402,53.141071322278535,100.0,20.0,100.0,16.666666666666657,96.66666666666669
223.90733286539717,3.9628568376813615,49.170705650453705,100.0,40.0,20.0,20.0,100.0
224.71233266194665,3.9635707310267856,46.42449744871721,100.0,60.0,30.0,23.33333333333333,90.0
225.1269994099935,4.177142551967076,44.633179366050506,40.0,20.0,10.0,26.66666666666667,93.33333333333331
225.49266611735027,4.132857186453683,41.24587925469082,60.0,20.0,10.0,30.0,96.66666666666669
225.7836664835612,4.21357182094029,39.29811481688552,80.0,20.0,10.0,33.33333333333334,100.0
226.18400014241536,4.214999607631138,37.97517842637147,100.0,40.0,20.0,36.66666666666667,100.0
226.5200002034505,4.239285060337612,34.98248777177184,20.0,60.0,30.0,40.0,96.66666666666669
226.76666717529295,4.2157135009765625,32.39645004319941,40.0,80.0,40.0,43.333333333333336,100.0
226.9973342895508,4.0292848859514505,30.49006290413912,60.0,100.0,50.0,46.66666666666666,100.0
227.17466735839844,3.988571166992188,29.61472557245865,80.0,100.0,60.0,50.0,20.0
227.36600087483723,3.877142769949777,27.78219687846076,100.0,40.0,70.0,53.333333333333336,23.33333333333333
227.5076675415039,3.771427699497768,25.589629303050742,20.0,60.0,80.0,56.66666666666666,26.66666666666667
227.7693344116211,3.839998517717634,23.58101013475669,20.0,80.0,90.0,60.0,30.0
228.03600107828777,3.5957129342215404,22.670401114783058,40.0,100.0,100.0,63.333333333333336,33.33333333333334
228.2056681315104,3.5992845807756697,22.27746660178222,60.0,100.0,100.0,66.66666666666667,36.66666666666667
228.2250015258789,3.5664280482700894,21.775791577968423,80.0,100.0,70.0,70.0,40.0
228.25466817220047,3.252856663295201,20.55997957620316,100.0,40.0,80.0,73.33333333333333,43.333333333333336
228.2826685587565,3.211427961077009,21.388859335573294,100.0,20.0,90.0,76.66666666666667,46.66666666666666
228.4953353881836,3.304999215262277,22.45285623039225,20.0,40.0,100.0,80.0,50.0
228.5173355102539,3.187142508370536,22.74705292333884,40.0,60.0,100.0,83.33333333333334,53.333333333333336
228.6030019124349,3.1028573172433034,22.954423656908585,20.0,80.0,40.0,86.66666666666667,56.66666666666666
228.64700215657552,3.299999782017299,24.24254420946895,20.0,100.0,50.0,90.0,60.0
228.7040023803711,3.224285670689174,23.936365146270926,20.0,80.0,60.0,93.33333333333331,63.333333333333336
228.78400217692055,3.154284885951451,24.683682031078472,20.0,100.0,70.0,96.66666666666669,66.66666666666667
228.80066884358723,3.091426304408482,26.179677974471872,20.0,100.0,80.0,100.0,70.0
228.73733571370445,3.009997776576451,28.31357558351608,20.0,100.0,90.0,3.3333333333333286,73.33333333333333
228.75466918945312,3.032140459333147,29.47242484896027,40.0,100.0,100.0,6.666666666666671,76.66666666666667
228.76700236002603,3.061426435198103,31.00603309686212,60.0,100.0,90.0,10.0,80.0
228.68600260416667,3.2907115391322543,30.8662788268796,80.0,20.0,100.0,13.333333333333329,83.33333333333334
228.78400217692055,3.439282008579799,30.206198478892144,100.0,40.0,20.0,16.666666666666657,86.66666666666667
228.75366872151693,3.467139107840402,30.754304126248307,100.0,60.0,30.0,20.0,90.0
228.8270024617513,3.524996076311384,31.639397555415854,20.0,80.0,40.0,23.33333333333333,93.33333333333331
229.15900217692055,3.265710013253348,30.398934633086604,20.0,100.0,50.0,3.3333333333333286,96.66666666666669
229.465668741862,3.220709664481027,30.08652097595092,40.0,80.0,60.0,6.666666666666671,100.0
229.9860020955404,3.29071044921875,30.905349013755647,20.0,100.0,70.0,3.3333333333333286,100.0
230.43866882324215,3.122138977050781,29.669750035609336,20.0,100.0,80.0,3.3333333333333286,90.0
230.677001953125,3.394995553152902,28.155702184710638,40.0,20.0,90.0,6.666666666666671,93.33333333333331
230.99400177001957,3.368567330496652,25.228622363179603,60.0,40.0,100.0,10.0,96.66666666666669
231.26900177001957,3.400709969656808,22.868569284045787,80.0,20.0,90.0,13.333333333333329,100.0
231.62100168863927,3.450709751674107,21.17946500093828,100.0,40.0,100.0,16.666666666666657,100.0
232.02733510335287,3.449281964983259,19.10588400569904,20.0,60.0,30.0,3.3333333333333286,80.0
232.4550018310547,3.536423819405692,17.396711694728683,20.0,80.0,40.0,3.3333333333333286,83.33333333333334
232.81100158691407,3.2907093593052457,19.26278638189033,20.0,100.0,50.0,3.3333333333333286,86.66666666666667
233.06400146484376,3.384995596749442,19.22665392470156,40.0,100.0,60.0,6.666666666666671,90.0
233.44400126139325,3.376424516950334,20.17491898433339,60.0,40.0,70.0,10.0,93.33333333333331
233.81100107828777,3.135709490094866,19.069276396202863,80.0,60.0,80.0,13.333333333333329,96.66666666666669
234.3126678466797,3.2614244733537947,19.321048075156614,20.0,80.0,90.0,3.3333333333333286,100.0
234.95800120035807,3.4378531319754466,19.998653693435283,20.0,100.0,100.0,3.3333333333333286,96.66666666666669
235.5876678466797,3.4321387154715404,20.08295466887084,20.0,80.0,100.0,3.3333333333333286,100.0
236.25466766357425,3.482139587402344,21.50390103869673,40.0,100.0,70.0,6.666666666666671,73.33333333333333
236.5970011393229,3.6757114955357135,22.367432479422792,60.0,20.0,80.0,10.0,76.66666666666667
236.9763341267904,3.837854657854353,22.41695332842874,80.0,40.0,90.0,13.333333333333329,80.0
237.36333414713545,3.982140677315848,22.89898435062468,100.0,60.0,100.0,16.666666666666657,83.33333333333334
237.7576675415039,3.9657135009765625,22.81826896524605,100.0,80.0,90.0,20.0,86.66666666666667
238.26000111897787,4.125712803431919,24.896478930008573,20.0,100.0,100.0,3.3333333333333286,90.0
238.76966756184896,4.072856358119419,26.42507131919893,20.0,100.0,60.0,3.3333333333333286,93.33333333333331
239.33133392333983,4.194999694824219,25.836190367923304,20.0,100.0,70.0,3.3333333333333286,96.66666666666669
239.7966674804688,4.204999651227679,27.52897948717769,40.0,100.0,80.0,6.666666666666671,100.0
240.4073338826497,4.247857230050223,28.23870000346223,60.0,40.0,90.0,10.0,96.66666666666669
240.8820007324219,4.335001264299665,29.54888692045476,80.0,20.0,100.0,13.333333333333329,100.0
241.1943339029948,4.681430271693638,28.267429689562864,100.0,20.0,10.0,16.666666666666657,76.66666666666667
241.2866668701172,4.888573782784598,27.73179691350143,80.0,20.0,10.0,20.0,80.0
241.3113337198893,4.8178591047014505,27.76395170654164,100.0,20.0,10.0,23.33333333333333,83.33333333333334
241.49566752115885,4.880716596330915,27.28181807572747,100.0,40.0,20.0,26.66666666666667,86.66666666666667
241.66766713460285,4.417859758649554,25.956044121094653,20.0,60.0,30.0,30.0,90.0
241.7570002237956,4.377143859863281,25.026941148864044,40.0,80.0,40.0,33.33333333333334,93.33333333333331
241.8896672566732,4.461430140904018,24.72317856795393,60.0,100.0,50.0,36.66666666666667,96.66666666666669
241.8600006103516,4.574286324637277,24.583006847851955,80.0,20.0,10.0,40.0,100.0
241.7923334757487,4.443571908133371,26.039071152591543,100.0,20.0,10.0,43.333333333333336,3.3333333333333286
241.70900014241536,4.387143816266741,27.82278870807972,100.0,40.0,20.0,46.66666666666666,6.666666666666671
241.6,4.446429661342076,29.380522544179797,100.0,60.0,30.0,50.0,10.0
241.43099975585935,4.222143990652902,30.224398758538552,40.0,80.0,40.0,53.333333333333336,13.333333333333329
241.1519999186198,4.195000784737723,31.594091296121444,60.0,20.0,10.0,56.66666666666666,3.3333333333333286
240.98400014241537,4.271428789411273,33.38352263451258,80.0,20.0,10.0,60.0,3.3333333333333286
240.74700012207032,3.728571210588728,35.94387350574017,100.0,20.0,10.0,63.333333333333336,3.3333333333333286
240.62266693115237,3.43785640171596,34.97838887914478,100.0,40.0,20.0,66.66666666666667,6.666666666666671
240.352333577474,3.419285365513393,32.99633593743035,20.0,60.0,30.0,70.0,10.0
239.90566660563152,3.354998997279576,32.674536033542125,40.0,80.0,40.0,73.33333333333333,13.333333333333329
239.3046666463216,3.336427961077009,35.815105833152856,60.0,20.0,10.0,76.66666666666667,3.3333333333333286
238.7903335571289,3.2428577968052457,38.03815149134582,80.0,40.0,20.0,80.0,6.666666666666671
238.48433329264324,3.097857883998326,38.25060616144801,100.0,60.0,30.0,83.33333333333334,10.0
238.03100026448567,3.055000305175781,38.37219628439285,60.0,20.0,10.0,86.66666666666667,3.3333333333333286
237.5796666463216,2.910000392368861,35.4885249501947,80.0,40.0,20.0,90.0,6.666666666666671
236.9143330891927,3.389999389648437,34.30761928775373,100.0,20.0,10.0,93.33333333333331,3.3333333333333286
236.1173329671224,3.294999258858817,34.09906572089339,100.0,40.0,20.0,96.66666666666669,6.666666666666671
235.31799977620443,3.326428004673549,33.97044325607936,80.0,60.0,30.0,100.0,10.0
234.58999989827475,3.389999389648437,32.30263904892714,100.0,80.0,40.0,96.66666666666669,13.333333333333329
233.94166666666663,3.344999040876116,29.821950040057764,40.0,100.0,50.0,100.0,16.666666666666657
233.1746668497721,3.584997994559152,28.93212168996109,60.0,20.0,60.0,100.0,20.0
232.44933369954427,3.6207122802734375,31.348464850156795,80.0,20.0,70.0,86.66666666666667,23.33333333333333
231.89100036621093,3.712854657854353,35.26477530290458,100.0,20.0,10.0,90.0,3.3333333333333286
231.4483337402344,3.752854483468192,37.66102938399384,100.0,40.0,20.0,93.33333333333331,6.666666666666671
231.03700052897136,3.750710623604911,38.18423945458214,100.0,60.0,30.0,96.66666666666669,10.0
230.42166697184248,3.908567156110491,39.99928786524893,100.0,20.0,10.0,100.0,3.3333333333333286
229.7100006103516,4.0292816162109375,43.30915860710305,60.0,20.0,10.0,100.0,3.3333333333333286
229.0490005493164,4.029996599469866,45.58387020256893,80.0,40.0,20.0,100.0,6.666666666666671
228.5383336385091,4.167140415736607,48.11783674036639,100.0,60.0,30.0,90.0,10.0
228.3133336385091,3.978569030761719,45.69662895905128,20.0,80.0,40.0,93.33333333333331,13.333333333333329
228.3066670735677,3.956426348005022,42.73378819953829,20.0,100.0,50.0,96.66666666666669,16.666666666666657
228.2050008138021,4.075711931501116,40.18072615145649,40.0,100.0,60.0,100.0,20.0
227.87833404541016,4.193569728306362,39.0177938991004,60.0,100.0,70.0,100.0,23.33333333333333
227.61666717529295,4.233570643833706,38.4736025523426,80.0,40.0,80.0,86.66666666666667,26.66666666666667
227.3206670125325,4.300713675362723,37.5734478784476,100.0,20.0,90.0,90.0,30.0
227.2836669921875,4.659285409109933,34.294143308637,20.0,40.0,100.0,93.33333333333331,33.33333333333334
227.0626668294271,5.096429007393973,30.335683501812067,40.0,60.0,100.0,96.66666666666669,36.66666666666667
226.73400014241537,5.095001220703125,26.32505825970905,60.0,80.0,100.0,100.0,40.0
226.47633310953776,5.303572518484933,23.4353313283265,80.0,100.0,50.0,93.33333333333331,43.333333333333336
226.40833333333333,5.276430402483259,19.650618750411414,20.0,60.0,60.0,96.66666666666669,46.66666666666666
226.4,5.070001874651227,16.172934861162815,40.0,80.0,70.0,100.0,50.0
226.14733327229817,5.231431143624442,12.225279628037956,60.0,100.0,80.0,40.0,53.333333333333336
225.90800018310543,5.186430794852121,9.349540924592295,80.0,20.0,90.0,43.333333333333336,56.66666666666666
225.6866668701172,5.277859279087612,11.2477140193057,100.0,20.0,10.0,46.66666666666666,60.0
225.52200012207032,5.245715550013951,13.5269319540041,100.0,40.0,20.0,50.0,63.333333333333336
225.7490005493164,5.3421445574079245,14.610865098178204,20.0,60.0,30.0,53.333333333333336,66.66666666666667
225.9336669921875,5.2721437726702005,14.542145438133236,40.0,80.0,40.0,56.66666666666666,70.0
226.17533365885416,5.238572256905692,14.356949446183668,20.0,100.0,50.0,3.3333333333333286,73.33333333333333
226.253000386556,4.97643062046596,13.301349688629756,40.0,100.0,60.0,6.666666666666671,76.66666666666667
226.34466705322265,4.712859017508371,14.676236993893294,60.0,20.0,70.0,10.0,80.0
226.55533345540368,4.317144121442523,14.831299694428209,80.0,40.0,80.0,13.333333333333329,83.33333333333334
226.863666788737,4.329286847795759,14.749655047731284,20.0,60.0,90.0,3.3333333333333286,86.66666666666667
227.1566670735677,4.347858973911831,14.640896680853126,40.0,80.0,100.0,6.666666666666671,90.0
226.88900044759117,5.1700014386858255,16.34919083913986,60.0,20.0,10.0,10.0,3.3333333333333286
226.40600026448567,5.772144862583706,17.980777586134465,80.0,20.0,10.0,13.333333333333329,3.3333333333333286
226.0733337402344,5.749287196568081,20.660385986112395,100.0,40.0,20.0,16.666666666666657,6.666666666666671
225.8203338623047,5.785001482282366,22.610178059619148,100.0,60.0,30.0,20.0,10.0
225.45266723632807,5.663573128836496,22.852420846428736,100.0,20.0,10.0,23.33333333333333,3.3333333333333286
224.9643341064453,5.68000248500279,22.356038223807875,60.0,20.0,10.0,26.66666666666667,3.3333333333333286
224.3133341471354,5.578574044363839,23.58253203075778,80.0,40.0,20.0,30.0,6.666666666666671
223.81600087483724,5.880717686244419,25.14697855956557,20.0,60.0,30.0,33.33333333333334,10.0
223.51233418782556,6.020003182547433,26.29793262484096,20.0,80.0,40.0,36.66666666666667,13.333333333333329
223.106667582194,6.382860456194196,28.59792222194208,40.0,100.0,50.0,40.0,16.666666666666657
222.73600107828776,6.275717599051339,28.95756082322073,60.0,100.0,60.0,43.333333333333336,20.0
222.32500101725265,6.455002920968192,30.877610601818983,80.0,20.0,70.0,46.66666666666666,23.33333333333333
221.7126673380534,6.421431405203683,33.60477559058875,100.0,40.0,80.0,50.0,26.66666666666667
221.29833424886067,6.347145080566406,35.630743399762935,80.0,60.0,90.0,53.333333333333336,30.0
220.99500071207683,5.477858407156808,34.089912865842344,100.0,80.0,100.0,56.66666666666666,33.33333333333334
220.28000081380208,5.816428048270089,32.50701726113305,40.0,20.0,10.0,60.0,3.3333333333333286
219.37266743977864,5.921427045549665,31.12917368499734,60.0,20.0,10.0,63.333333333333336,3.3333333333333286
218.392333984375,5.910712105887277,30.774058245437864,80.0,20.0,10.0,66.66666666666667,3.3333333333333286
217.40800069173176,6.022854396275112,30.6747421348806,100.0,20.0,10.0,70.0,3.3333333333333286
216.556000773112,6.10285404750279,30.36732305828455,100.0,40.0,20.0,73.33333333333333,6.666666666666671
215.91566721598304,6.232853480747768,28.794309617261813,100.0,60.0,30.0,76.66666666666667,10.0
214.9980005900065,6.364995683942523,29.627487893069024,40.0,80.0,40.0,80.0,13.333333333333329
213.8413335164388,6.432852608816964,31.49099322403,60.0,100.0,50.0,83.33333333333334,16.666666666666657
212.61200052897132,6.2564239501953125,32.63359801212668,80.0,20.0,10.0,86.66666666666667,3.3333333333333286
211.16666717529296,6.477137974330357,34.44931714691595,100.0,20.0,10.0,90.0,3.3333333333333286
210.0623336791992,6.667138235909598,34.68843270240323,20.0,40.0,20.0,93.33333333333331,6.666666666666671
208.9316670735677,6.757852826799665,34.54141480810325,40.0,60.0,30.0,96.66666666666669,10.0
207.9800003051758,6.994281223842076,33.898185047270935,20.0,80.0,40.0,100.0,13.333333333333329
207.0963333129883,7.084996904645648,34.41265337284168,20.0,100.0,50.0,100.0,16.666666666666657
206.33533325195316,6.231425694056919,33.44097443467856,20.0,80.0,60.0,73.33333333333333,20.0
206.18899993896488,6.119283403669085,32.98794413852689,20.0,100.0,70.0,76.66666666666667,23.33333333333333
206.3076665242513,6.100712367466518,32.59871864069404,20.0,100.0,80.0,80.0,26.66666666666667
206.2826665242513,5.837855747767857,33.062314414149945,40.0,100.0,90.0,83.33333333333334,30.0
206.1999994913737,5.864998953683036,33.288506652351955,60.0,100.0,100.0,86.66666666666667,33.33333333333334
206.3056660970052,5.744999476841518,33.21863223769637,80.0,40.0,90.0,90.0,36.66666666666667
206.51466573079423,5.313571384974888,33.51185201741269,20.0,60.0,100.0,93.33333333333331,40.0
206.6179992675781,5.362857273646763,31.93851018182713,40.0,80.0,100.0,96.66666666666669,43.333333333333336
206.35366617838545,5.357142857142857,31.10541080925783,60.0,20.0,100.0,100.0,46.66666666666666
206.18333282470704,5.407857622419085,31.51784622873305,20.0,40.0,20.0,96.66666666666669,50.0
206.33566640218095,5.10857173374721,32.866677958689,20.0,60.0,30.0,3.3333333333333286,53.333333333333336
206.37099965413407,4.927857535226004,34.21550968864495,40.0,80.0,40.0,6.666666666666671,56.66666666666666
206.61133321126303,4.595000130789621,35.059959524919734,60.0,100.0,50.0,10.0,60.0
206.81000010172525,4.515713282993862,36.3302781117527,20.0,100.0,60.0,3.3333333333333286,63.333333333333336
207.00566660563152,4.361428397042411,38.01825694022087,20.0,80.0,70.0,3.3333333333333286,66.66666666666667
207.0953333536784,4.144999912806919,38.91814255118444,40.0,100.0,80.0,6.666666666666671,70.0
207.4836669921875,4.080713544573102,38.242369067972376,60.0,20.0,90.0,10.0,73.33333333333333
208.08700002034504,4.218570164271763,37.63094132381672,20.0,40.0,100.0,3.3333333333333286,76.66666666666667
208.8070002237956,4.249998910086496,38.53218624509584,20.0,60.0,100.0,3.3333333333333286,80.0
209.6210001627604,4.301427568708148,39.90511819248159,40.0,80.0,90.0,6.666666666666671,83.33333333333334
210.3296666463216,4.279998779296875,38.03071585289865,60.0,100.0,100.0,10.0,86.66666666666667
210.7866668701172,4.135712759835379,38.11586968234536,80.0,20.0,60.0,13.333333333333329,90.0
211.26400044759117,4.524284362792969,35.67694946077228,100.0,20.0,10.0,16.666666666666657,93.33333333333331
211.86700083414715,4.437855311802456,32.57029587092238,100.0,40.0,20.0,20.0,96.66666666666669
212.59833424886068,4.343570164271763,29.48838873825029,100.0,60.0,30.0,23.33333333333333,100.0
213.42633412679035,4.623568943568638,25.74141385508644,100.0,80.0,40.0,26.66666666666667,96.66666666666669
213.9723342895508,4.716426304408482,22.980964445108675,60.0,100.0,50.0,30.0,100.0
214.61866760253903,4.604284014020648,20.86691032355517,80.0,100.0,60.0,33.33333333333334,100.0
215.01866760253907,4.926426478794643,19.40361599805941,100.0,60.0,70.0,36.66666666666667,100.0
215.25133463541667,5.187855311802456,18.13178961881595,60.0,20.0,80.0,40.0,73.33333333333333
215.1493342081706,5.708570207868304,18.816246373342217,80.0,20.0,10.0,43.333333333333336,3.3333333333333286
214.83133443196616,6.060713631766183,20.25618998151853,100.0,20.0,10.0,46.66666666666666,3.3333333333333286
214.45133463541663,6.2771421160016745,20.99092129311565,100.0,40.0,20.0,50.0,6.666666666666671
214.27966766357423,6.527856009347098,20.805308527222135,100.0,60.0,30.0,53.333333333333336,10.0
214.1520009358724,6.581427437918527,21.619276878441827,20.0,80.0,40.0,56.66666666666666,13.333333333333329
214.6750010172526,7.824999128069196,19.701848079278765,20.0,100.0,50.0,3.3333333333333286,16.666666666666657
215.0683344523112,7.502855573381696,21.01839642156864,40.0,100.0,60.0,6.666666666666671,20.0
215.7510009765625,7.662142072405134,22.22701238629336,20.0,100.0,70.0,3.3333333333333286,23.33333333333333
216.6403340657552,7.809999738420759,23.28491541404301,20.0,100.0,80.0,3.3333333333333286,26.66666666666667
217.1790003458659,7.742142813546317,24.75362485642117,40.0,80.0,90.0,6.666666666666671,30.0
217.52666676839192,7.888571602957589,25.706995208840677,60.0,100.0,100.0,10.0,33.33333333333334
217.878000386556,7.98357173374721,26.304149719274164,80.0,20.0,100.0,13.333333333333329,36.66666666666667
218.22166697184244,7.814286368233817,26.619002274142197,100.0,40.0,100.0,16.666666666666657,40.0
218.6490000406901,7.782142639160156,27.487994271287988,100.0,60.0,100.0,20.0,43.333333333333336
218.89633331298828,7.512142726353237,27.7985583321808,40.0,20.0,10.0,23.33333333333333,46.66666666666666
219.12366689046223,7.175000871930804,27.771494392643245,60.0,20.0,10.0,26.66666666666667,50.0
219.411333211263,6.893572126116071,26.93305578886339,80.0,40.0,20.0,30.0,53.333333333333336
219.62433369954428,6.573571341378348,27.130342475876382,100.0,60.0,30.0,33.33333333333334,56.66666666666666
219.83633371988927,6.514285496303013,27.609306240313224,20.0,80.0,40.0,36.66666666666667,60.0
219.99000040690103,5.277143205915179,27.58615434048188,40.0,20.0,10.0,40.0,63.333333333333336
220.08800048828124,5.130715506417411,26.312598967588148,60.0,20.0,10.0,43.333333333333336,66.66666666666667
220.23333384195965,4.843572344098773,26.971373936974626,80.0,20.0,10.0,46.66666666666666,70.0
220.36600036621093,5.059285845075335,28.745769000273786,100.0,20.0,10.0,50.0,73.33333333333333
220.4633336385091,5.883572169712612,31.78089661615377,100.0,40.0,20.0,53.333333333333336,76.66666666666667
220.5820002237956,5.8721433367048,34.39621981673565,100.0,60.0,30.0,56.66666666666666,80.0
220.61933339436848,6.0235715593610495,37.0891488713708,100.0,80.0,40.0,60.0,83.33333333333334
220.42933349609376,6.387142726353237,39.97087038369699,60.0,20.0,10.0,63.333333333333336,86.66666666666667
220.1883331298828,6.325714111328125,43.79802973479895,80.0,20.0,10.0,66.66666666666667,90.0
219.93999989827475,6.25,46.700225235779534,100.0,20.0,10.0,70.0,93.33333333333331
219.471332804362,6.593570164271763,48.4612345002871,100.0,20.0,10.0,73.33333333333333,3.3333333333333286
218.9636662801107,7.00714111328125,50.7693687997147,100.0,20.0,10.0,76.66666666666667,3.3333333333333286
218.6256663004557,7.390713282993862,53.91833836087209,100.0,40.0,20.0,80.0,6.666666666666671
218.5509994506836,7.712855747767857,56.25678224039403,100.0,60.0,30.0,83.33333333333334,10.0
218.2876663208008,7.640712193080357,61.22942028296283,100.0,80.0,40.0,86.66666666666667,13.333333333333329
217.9730000813802,7.674996512276786,65.9354655741296,60.0,100.0,50.0,90.0,16.666666666666657
217.05066680908203,7.910709926060268,67.22017394954686,20.0,100.0,60.0,93.33333333333331,20.0
216.38300018310548,7.712138584681919,66.86534887991432,20.0,60.0,70.0,96.66666666666669,23.33333333333333
215.7,7.077852521623884,62.91756910864444,20.0,80.0,80.0,100.0,26.66666666666667
214.96766662597656,6.962852478027344,60.54524489648109,20.0,100.0,90.0,100.0,30.0
214.55333353678387,7.172852652413504,57.03208579319661,20.0,100.0,100.0,90.0,33.33333333333334
214.175,6.8671384538923,53.41140539174504,40.0,100.0,100.0,93.33333333333331,36.66666666666667
213.8853332519531,6.7371401105608255,48.94810349358151,60.0,100.0,80.0,96.66666666666669,40.0
213.4433329264323,6.689283098493304,44.37683336693787,80.0,100.0,90.0,100.0,43.333333333333336
212.9913330078125,6.209997994559152,41.36451175970431,100.0,40.0,100.0,86.66666666666667,46.66666666666666
212.7526662190755,5.709997994559152,40.27331938268659,80.0,60.0,100.0,90.0,50.0
212.621999613444,5.261426653180804,40.036317597723546,20.0,80.0,100.0,93.33333333333331,53.333333333333336
212.71466623942055,5.207855224609375,40.70844860372227,20.0,100.0,100.0,96.66666666666669,56.66666666666666
212.58566589355468,5.332855224609375,41.05001240677132,40.0,100.0,100.0,100.0,60.0
212.3506657918294,5.411427089146206,40.85944986269478,60.0,100.0,70.0,10.0,63.333333333333336
212.40899912516275,5.207142421177456,41.28335179720982,80.0,100.0,80.0,13.333333333333329,66.66666666666667
212.57733256022132,5.0785707746233255,42.39016256605127,100.0,60.0,90.0,16.666666666666657,70.0
212.73633219401043,4.803571428571429,45.43582299550975,40.0,80.0,100.0,20.0,73.33333333333333
212.8383321126302,4.992857796805246,45.87709391766959,60.0,20.0,100.0,23.33333333333333,76.66666666666667
212.79999847412108,4.732857840401786,45.87001530840737,80.0,20.0,10.0,26.66666666666667,80.0
212.72366485595705,4.859286717006138,45.49602142851946,100.0,40.0,20.0,30.0,83.33333333333334
212.6779983520508,4.956428527832031,45.05214143763103,100.0,20.0,10.0,33.33333333333334,86.66666666666667
212.75899810791012,5.100714547293527,45.18188867204852,100.0,20.0,10.0,36.66666666666667,90.0
212.91866505940757,5.316429138183594,44.0947535164995,80.0,40.0,20.0,40.0,93.33333333333331
213.10399831136067,5.329286847795759,40.69536280946112,100.0,60.0,30.0,43.333333333333336,96.66666666666669
213.53333180745443,5.389286586216518,36.52091267108178,100.0,80.0,40.0,46.66666666666666,100.0
214.36666514078777,5.105715070452009,34.362716989191846,20.0,100.0,50.0,50.0,100.0
215.23599802653,5.086430140904018,31.01408044262382,20.0,80.0,60.0,53.333333333333336,93.33333333333331
215.79233144124348,5.307144165039063,27.254118239716117,40.0,100.0,70.0,56.66666666666666,96.66666666666669
216.13233133951823,5.575001307896206,24.977029111166047,60.0,20.0,10.0,60.0,100.0
216.57366434733072,5.640715462820871,23.59195593221136,80.0,40.0,20.0,63.333333333333336,100.0
216.5993311564128,6.00999995640346,23.230715178276547,100.0,20.0,10.0,66.66666666666667,3.3333333333333286
216.86499786376956,6.954999651227679,21.707799219350143,100.0,40.0,20.0,70.0,6.666666666666671
217.15799814860023,7.347141810825893,22.222265248430546,20.0,60.0,30.0,73.33333333333333,10.0
217.14733174641927,7.527141026088169,22.286522111484704,40.0,80.0,40.0,76.66666666666667,13.333333333333329
216.89466501871743,7.689998081752232,22.63717549450913,60.0,100.0,50.0,80.0,16.666666666666657
216.61199849446612,7.764997209821429,22.55475762282735,80.0,20.0,60.0,83.33333333333334,20.0
216.48033192952477,7.9642824445452,21.583257684922824,100.0,40.0,70.0,86.66666666666667,23.33333333333333
216.16566569010416,8.542139325823102,20.929600516987296,40.0,20.0,80.0,90.0,26.66666666666667
215.682666015625,8.627139500209264,19.856530606465444,60.0,20.0,90.0,93.33333333333331,30.0
214.83499959309896,9.10356903076172,17.51392400552063,80.0,20.0,10.0,96.66666666666669,3.3333333333333286
213.9286661783854,9.222139630998884,17.425267330666422,100.0,40.0,20.0,100.0,6.666666666666671
212.8819997151693,9.104284014020648,18.940863944400945,100.0,60.0,30.0,90.0,10.0
211.8826665242513,8.972855704171318,18.66504030818712,100.0,80.0,40.0,93.33333333333331,13.333333333333329
211.13133290608724,9.07071249825614,16.48661880661291,20.0,100.0,50.0,96.66666666666669,16.666666666666657
210.1796661376953,8.728570120675224,13.51536209767592,40.0,100.0,60.0,100.0,20.0
209.38833262125647,7.749285016741071,15.289433651320396,20.0,80.0,70.0,100.0,23.33333333333333
208.5183329264323,7.428571428571429,17.34245290809285,40.0,100.0,80.0,50.0,26.66666666666667
207.796999613444,7.304286411830357,19.88830015921471,60.0,20.0,90.0,53.333333333333336,30.0
207.22633310953776,7.409286499023437,20.852802640743025,80.0,40.0,100.0,56.66666666666666,33.33333333333334
206.9123331705729,7.522858755929129,21.27104949725315,20.0,60.0,100.0,60.0,36.66666666666667
206.50833333333333,7.455715724400112,22.33530070846797,40.0,80.0,90.0,63.333333333333336,40.0
206.25633341471357,6.953572954450335,22.88120132266323,60.0,100.0,100.0,66.66666666666667,43.333333333333336
206.0990000406901,6.982145036969866,22.76955652661564,20.0,100.0,60.0,70.0,46.66666666666666
206.10200042724608,6.549286978585379,24.0229327597766,20.0,80.0,70.0,73.33333333333333,50.0
206.06866709391275,6.439287458147321,25.010022242845235,40.0,100.0,80.0,76.66666666666667,53.333333333333336
205.87633361816407,6.3228574480329245,25.46897892116885,60.0,100.0,90.0,80.0,56.66666666666666
205.7850006103516,6.219286237444196,26.95463644777641,20.0,100.0,100.0,83.33333333333334,60.0
205.65833384195963,6.0200010027204245,28.906043249137834,40.0,60.0,100.0,86.66666666666667,63.333333333333336
205.817333984375,6.122144426618304,31.845289042034462,60.0,80.0,90.0,90.0,66.66666666666667
205.96900075276693,5.926429748535156,32.31650901252241,80.0,100.0,100.0,93.33333333333331,70.0
206.38233388264973,5.6700014386858255,32.383914237475544,100.0,80.0,100.0,96.66666666666669,73.33333333333333
206.11566721598308,5.711430140904018,32.25688530349739,60.0,20.0,10.0,100.0,76.66666666666667
205.4106669108073,5.660716465541294,31.19118758428581,80.0,20.0,10.0,23.33333333333333,80.0
204.71499989827475,5.625001089913504,32.25486255081456,100.0,20.0,10.0,26.66666666666667,3.3333333333333286
204.1146667480469,5.200715201241629,32.59489438437037,100.0,40.0,20.0,30.0,6.666666666666671
203.70133361816409,5.352144513811384,32.451842344062534,100.0,60.0,30.0,33.33333333333334,10.0
202.852333577474,5.547144208635602,34.35673918931958,100.0,20.0,10.0,36.66666666666667,3.3333333333333286
202.34466654459635,5.598572867257254,35.01872592282284,60.0,40.0,20.0,40.0,6.666666666666671
202.06366628011068,5.704286847795759,34.250900898761536,80.0,60.0,30.0,43.333333333333336,10.0
202.09099985758465,5.709287370954241,33.86865199380792,100.0,80.0,40.0,46.66666666666666,13.333333333333329
202.19299977620443,5.615716116768973,32.978628964999395,20.0,100.0,50.0,50.0,16.666666666666657
202.48599955240888,5.988573346819196,31.144825684055267,20.0,100.0,60.0,53.333333333333336,20.0
202.8056660970052,5.916429792131696,29.03878801743743,40.0,80.0,70.0,56.66666666666666,23.33333333333333
202.76866607666017,6.276429312569754,28.3070904121972,60.0,100.0,80.0,60.0,26.66666666666667
202.8249994913737,6.317856924874442,27.286373381205856,80.0,100.0,90.0,63.333333333333336,30.0
202.58799947102864,6.243570600237165,26.349499013960724,100.0,20.0,100.0,66.66666666666667,33.33333333333334
202.56099904378252,6.112141200474331,26.37735939677501,100.0,40.0,100.0,70.0,36.66666666666667
202.66666564941409,5.969285147530692,25.141398399629868,20.0,60.0,90.0,73.33333333333333,40.0
202.73633219401043,6.058570861816406,24.4404869735113,20.0,80.0,100.0,76.66666666666667,43.333333333333336
202.5776657104492,5.82928466796875,24.045115175758447,20.0,100.0,100.0,80.0,46.66666666666666
202.6089991251628,5.472855704171317,23.167919703750005,20.0,100.0,60.0,83.33333333333334,50.0
202.64966583251956,5.425713675362723,22.07318255823456,20.0,100.0,70.0,86.66666666666667,53.333333333333336
202.52533264160155,5.3285707746233255,21.379332768442342,40.0,100.0,80.0,90.0,56.66666666666666
202.2343322753906,5.379285539899554,20.291124175823143,60.0,100.0,90.0,93.33333333333331,60.0
202.02566579182945,5.671428135463169,18.614962440964597,20.0,100.0,100.0,96.66666666666669,63.333333333333336
202.0293324788412,5.442856924874442,17.869086702589332,20.0,60.0,100.0,100.0,66.66666666666667
201.7679992675781,5.570714678083148,16.769377387675124,40.0,80.0,100.0,93.33333333333331,70.0
201.8016662597656,5.400000435965402,17.036972842737846,20.0,100.0,100.0,96.66666666666669,73.33333333333333
201.81599934895837,5.371429443359375,17.25908011440917,40.0,100.0,100.0,100.0,76.66666666666667
201.87233276367184,5.1942868913923,19.932637080514628,20.0,80.0,100.0,3.3333333333333286,80.0
201.87899932861328,5.255716596330915,23.569391145652112,40.0,100.0,80.0,6.666666666666671,83.33333333333334
202.1509994506836,5.023573739188058,27.05640875224244,60.0,80.0,90.0,10.0,86.66666666666667
202.5836664835612,4.9921449933733255,30.041330832463103,80.0,20.0,100.0,13.333333333333329,90.0
203.1906667073568,5.867859976632254,29.954804080553323,100.0,20.0,100.0,16.666666666666657,93.33333333333331
203.78500010172527,5.950717381068638,28.603533644928195,80.0,40.0,90.0,20.0,96.66666666666669
204.31666666666663,5.921431405203683,26.495829755446863,100.0,60.0,100.0,23.33333333333333,100.0
205.06033325195312,5.997860499790737,25.809634549632104,100.0,80.0,40.0,26.66666666666667,100.0
205.60199991861975,6.095003400530134,25.34361218790468,60.0,20.0,10.0,30.0,96.66666666666669
206.07166646321613,5.807146344866071,24.78475004546291,80.0,40.0,20.0,33.33333333333334,100.0
206.72666625976564,5.850003923688616,24.999302123049578,20.0,60.0,30.0,36.66666666666667,100.0
207.36766611735027,5.791431971958706,25.301319276821943,20.0,80.0,40.0,40.0,86.66666666666667
207.62799987792968,5.625718252999442,23.997135135256524,40.0,100.0,50.0,43.333333333333336,90.0
207.85133310953776,5.681432451520648,23.076631439143235,60.0,100.0,60.0,46.66666666666666,93.33333333333331
208.3173334757487,5.710718427385602,20.29737534902779,80.0,40.0,70.0,50.0,96.66666666666669
208.70333353678384,5.493574959891183,17.953905121896668,100.0,60.0,80.0,53.333333333333336,100.0
209.1846669514974,5.489288330078125,15.92618938925388,100.0,80.0,90.0,56.66666666666666,100.0
209.75933380126952,5.701432364327567,13.249465922120155,20.0,100.0,100.0,3.3333333333333286,100.0
210.3126673380534,4.975002833775112,14.626622230052776,20.0,80.0,100.0,3.3333333333333286,100.0
210.75933430989585,4.945716857910156,16.14702307255272,40.0,100.0,70.0,6.666666666666671,100.0
211.17433420817056,4.891431535993304,17.169782092412895,60.0,100.0,80.0,10.0,100.0
211.4826675415039,4.636431012834821,18.259633598504603,80.0,20.0,90.0,13.333333333333329,93.33333333333331
211.6010009765625,4.435716901506696,19.04043607046203,100.0,20.0,10.0,16.666666666666657,96.66666666666669
211.66700083414716,4.342859540666852,19.4376309592192,80.0,20.0,10.0,20.0,100.0
211.7510009765625,4.076431274414063,20.00751057735189,100.0,20.0,10.0,23.33333333333333,100.0
211.8813344319661,3.930717468261719,20.32492519051164,100.0,40.0,20.0,26.66666666666667,60.0
211.6430013020833,4.143574305943081,21.841251003985995,40.0,20.0,10.0,30.0,3.3333333333333286
211.48033447265624,4.117861066545759,22.85806787252765,60.0,20.0,10.0,33.33333333333334,3.3333333333333286
211.071001180013,4.090717860630581,23.93612048913693,80.0,20.0,10.0,36.66666666666667,3.3333333333333286
210.58233489990235,4.206431797572544,24.730858270383408,100.0,20.0,10.0,40.0,3.3333333333333286
210.04700164794923,4.252859933035714,25.80508946821674,100.0,40.0,20.0,43.333333333333336,6.666666666666671
209.5156682332357,4.200001307896206,28.442404088810058,100.0,20.0,10.0,46.66666666666666,3.3333333333333286
208.99466807047529,4.068572998046875,31.18667346200737,100.0,40.0,20.0,50.0,6.666666666666671
208.5923344930013,4.035001482282366,33.3575509565153,20.0,60.0,30.0,53.333333333333336,10.0
208.26700134277343,4.076429094587054,35.980167137517746,20.0,80.0,40.0,56.66666666666666,13.333333333333329
208.06200103759767,4.278570992606027,35.59691996649924,20.0,100.0,50.0,60.0,16.666666666666657
207.87933451334635,4.108570643833706,34.20174528349602,20.0,100.0,60.0,63.333333333333336,20.0
207.4896677652995,4.464999607631138,34.90307147811994,40.0,20.0,70.0,66.66666666666667,23.33333333333333
207.26133473714196,4.475713457380023,35.16303941508168,60.0,20.0,80.0,70.0,26.66666666666667
206.82433471679687,4.644998822893415,36.74985400205048,80.0,20.0,10.0,73.33333333333333,3.3333333333333286
206.1520014444987,4.61571284702846,37.35506219708018,100.0,20.0,10.0,76.66666666666667,3.3333333333333286
205.39400177001957,4.611426217215402,37.669415034533934,100.0,20.0,10.0,80.0,3.3333333333333286
204.6856684366862,4.514284406389509,37.757815313536966,100.0,20.0,10.0,83.33333333333334,3.3333333333333286
203.9110020955404,4.625712803431919,37.90011830623568,100.0,20.0,10.0,86.66666666666667,3.3333333333333286
203.03400166829428,4.538570949009487,37.8097511324297,100.0,20.0,10.0,90.0,3.3333333333333286
202.1300018310547,4.390714372907366,37.94019544210087,100.0,20.0,10.0,93.33333333333331,3.3333333333333286
201.1053349812825,4.459286281040737,37.713581262576575,100.0,20.0,10.0,96.66666666666669,3.3333333333333286
199.8203348795573,4.738572256905692,38.629856465946425,100.0,20.0,10.0,100.0,3.3333333333333286
198.5550013224284,4.818572998046875,39.67528243022799,100.0,40.0,20.0,96.66666666666669,6.666666666666671
197.40633443196612,4.662860325404576,43.90346732181605,100.0,60.0,30.0,100.0,10.0
196.1530008951823,4.882859366280692,49.70653893014425,100.0,20.0,10.0,100.0,3.3333333333333286
195.11400044759117,4.736430576869419,54.08656517345136,20.0,40.0,20.0,90.0,6.666666666666671
194.34866689046223,4.860716683523996,57.3011530170699,20.0,60.0,30.0,93.33333333333331,10.0
193.71100006103515,4.909288678850446,58.15427739886805,20.0,80.0,40.0,96.66666666666669,13.333333333333329
193.00833333333333,4.598575047084263,57.72623573801583,40.0,100.0,50.0,100.0,16.666666666666657
192.14199981689453,4.625718252999442,58.240411834466734,60.0,100.0,60.0,66.66666666666667,20.0
191.45166625976563,4.700003487723214,58.63559353860676,80.0,20.0,70.0,70.0,23.33333333333333
190.6786661783854,4.5500030517578125,58.7193826339255,100.0,20.0,80.0,73.33333333333333,26.66666666666667
189.90733286539717,4.537145342145648,58.394841875028426,100.0,20.0,90.0,76.66666666666667,30.0
189.43899943033853,5.052144731794085,55.10441043600861,20.0,40.0,100.0,80.0,33.33333333333334
188.85533243815104,5.085001264299665,51.28743242402508,40.0,60.0,30.0,83.33333333333334,36.66666666666667
188.4383326212565,4.950716291155134,48.08825879210784,20.0,80.0,40.0,86.66666666666667,40.0
188.05599924723307,4.927144731794085,45.85627461586756,20.0,100.0,50.0,90.0,43.333333333333336
187.58899943033853,4.882144383021763,41.78633636218175,40.0,80.0,60.0,93.33333333333331,46.66666666666666
187.1393325805664,4.828572954450335,38.42877046582208,20.0,100.0,70.0,96.66666666666669,50.0
186.6449991861979,4.842143467494419,34.88342259272958,20.0,100.0,80.0,100.0,53.333333333333336
186.1143325805664,4.804285321916852,32.3921690543896,20.0,80.0,90.0,100.0,56.66666666666666
185.93799947102863,4.665712629045759,31.06050638474295,20.0,100.0,100.0,100.0,60.0
186.06866607666012,5.322140284946987,32.14903932901381,20.0,100.0,90.0,3.3333333333333286,63.333333333333336
186.36599934895835,5.39856937953404,33.66877566913938,20.0,100.0,100.0,3.3333333333333286,66.66666666666667
186.90066579182945,5.707855224609375,35.757176695711664,20.0,100.0,100.0,3.3333333333333286,70.0
187.368332417806,5.667141505650112,38.86285346581344,40.0,100.0,90.0,6.666666666666671,73.33333333333333
187.8636652628581,5.82928466796875,42.01604865209798,60.0,100.0,100.0,10.0,76.66666666666667
188.3279983520508,5.518571036202567,45.36128149603655,80.0,20.0,100.0,13.333333333333329,80.0
188.626665242513,5.640714372907366,47.20341373004064,100.0,20.0,100.0,16.666666666666657,83.33333333333334
189.06066487630207,5.69428471156529,47.99348649725166,100.0,40.0,100.0,20.0,86.66666666666667
189.71099853515625,5.588570731026786,47.50529645935933,100.0,60.0,100.0,23.33333333333333,90.0
190.50799865722652,5.695712498256138,48.4288453916082,20.0,80.0,40.0,26.66666666666667,93.33333333333331
190.99966532389325,5.972855704171317,46.643143758050414,40.0,20.0,10.0,30.0,96.66666666666669
191.8499989827474,6.396427699497768,46.18924429413918,20.0,40.0,20.0,33.33333333333334,100.0
192.76166585286455,6.414284842354911,45.68912748799955,40.0,60.0,30.0,36.66666666666667,76.66666666666667
193.60199940999348,6.517142159598214,45.35533538886894,20.0,80.0,40.0,40.0,80.0
194.4133331298828,6.15142822265625,42.694527416348414,20.0,100.0,50.0,3.3333333333333286,83.33333333333334
195.1623331705729,6.0042844499860495,39.00055337975902,20.0,80.0,60.0,3.3333333333333286,86.66666666666667
196.00900014241537,5.700711931501116,33.8547774285093,20.0,100.0,70.0,3.3333333333333286,90.0
196.90800018310543,5.772854396275112,28.041708154545887,40.0,100.0,80.0,6.666666666666671,93.33333333333331
197.7126673380534,5.792140415736607,22.273536673943813,60.0,20.0,90.0,10.0,96.66666666666669
198.75233408610023,5.699996948242188,18.85666771739552,80.0,40.0,100.0,13.333333333333329,100.0
199.8686670939128,5.424282618931362,19.1263235884798,20.0,60.0,90.0,3.3333333333333286,96.66666666666669
200.83966674804688,5.132140023367746,19.06447834380259,20.0,80.0,100.0,3.3333333333333286,100.0
201.7943333943685,5.157854352678571,18.994549157814088,40.0,100.0,50.0,6.666666666666671,100.0
202.5879999796549,5.124282836914063,16.872925025369277,60.0,20.0,60.0,10.0,96.66666666666669
203.58233337402345,5.162854875837054,19.12233997832095,20.0,40.0,70.0,3.3333333333333286,100.0
204.60199991861975,4.557139805385044,20.275438145235665,40.0,60.0,80.0,6.666666666666671,100.0
205.61666666666667,4.554282052176339,21.17912469939801,20.0,80.0,90.0,3.3333333333333286,100.0
206.39366658528647,4.457854134695871,21.236587782856727,40.0,100.0,100.0,6.666666666666671,100.0
207.00599975585936,4.398568289620536,20.78225161907299,60.0,20.0,60.0,10.0,63.333333333333336
207.45366617838545,4.489996773856027,20.814969725015267,80.0,20.0,10.0,13.333333333333329,66.66666666666667
207.6459996541341,4.389283316476004,21.1876200462218,100.0,40.0,20.0,16.666666666666657,70.0
207.79299977620445,4.287140982491629,22.02580354278492,100.0,60.0,30.0,20.0,73.33333333333333
207.96799977620444,4.373570033482143,22.47975535923531,20.0,80.0,40.0,23.33333333333333,76.66666666666667
208.16399943033852,4.532856532505581,23.452507364574537,40.0,100.0,50.0,26.66666666666667,80.0
208.3769999186198,4.657141549246652,21.994549068837504,60.0,80.0,60.0,30.0,83.33333333333334
208.60900014241537,4.934998648507254,19.92126078970296,80.0,20.0,70.0,33.33333333333334,86.66666666666667
209.01366678873697,4.883568899972098,18.18193395837238,100.0,20.0,10.0,36.66666666666667,90.0
209.2750005086263,4.855712890625,17.578937281079657,80.0,20.0,10.0,40.0,93.33333333333331
209.45033365885416,4.426426478794643,15.832630829841776,100.0,40.0,20.0,43.333333333333336,96.66666666666669
209.61800028483077,4.372856140136719,14.475794031384808,100.0,60.0,30.0,46.66666666666666,100.0
209.98900044759117,4.4042848859514505,13.9198728219128,100.0,80.0,40.0,50.0,13.333333333333329
